{"cameraMode":{"drawMode":0,"name":"Shaded","section":"Shading Mode"},"sceneLighting":false,"audioPlay":false,"sceneViewState":{"showFog":true,"showMaterialUpdate":false,"showSkybox":false,"showFlares":true,"showImageEffects":true,"showParticleSystems":true,"showVisualEffectGraphs":true,"m_FxEnabled":true},"in2DMode":false,"pivot":{"x":-0.3434647023677826,"y":1.593949556350708,"z":0.5604751110076904},"rotation":{"x":-0.002144887577742338,"y":0.9829415678977966,"z":0.011492209509015084,"w":0.18374472856521607},"size":0.816839873790741,"orthographic":false}