{"cameraMode":{"drawMode":0,"name":"Shaded","section":"Shading Mode"},"sceneLighting":true,"audioPlay":false,"sceneViewState":{"showFog":true,"showMaterialUpdate":false,"showSkybox":true,"showFlares":true,"showImageEffects":true,"showParticleSystems":true,"showVisualEffectGraphs":true,"m_FxEnabled":true},"in2DMode":false,"pivot":{"x":-0.29838627576828005,"y":0.9969638586044312,"z":4.46445894241333},"rotation":{"x":-0.0011902500409632922,"y":-0.0015023206360638142,"z":0.0000739924653316848,"w":1.0000689029693604},"size":34.21363830566406,"orthographic":false}